instance_file,solution_file,number_of_trolleys,number_of_boxes,total_distance
instance_0116_131933_Z1.txt,instance_0116_131933_Z1_sol.txt,13,76,3223.8
instance_0116_131933_Z2.txt,instance_0116_131933_Z2_sol.txt,9,51,2839.8
instance_0116_131936_Z1.txt,instance_0116_131936_Z1_sol.txt,35,210,10584.5
instance_0116_131936_Z2.txt,instance_0116_131936_Z2_sol.txt,20,116,7421.6
instance_0116_131940_Z1.txt,instance_0116_131940_Z1_sol.txt,5,29,1065.8
instance_0116_131940_Z2.txt,instance_0116_131940_Z2_sol.txt,3,13,732.6
instance_0116_131942_Z1.txt,instance_0116_131942_Z1_sol.txt,-1,-1,-1
instance_0116_131942_Z2.txt,instance_0116_131942_Z2_sol.txt,46,276,16893.2
instance_0116_131948_Z1.txt,instance_0116_131948_Z1_sol.txt,4,22,1410.4
instance_0116_131948_Z2.txt,instance_0116_131948_Z2_sol.txt,3,18,1107.9
instance_0116_131950_Z1.txt,instance_0116_131950_Z1_sol.txt,16,92,3393.5
instance_0116_131950_Z2.txt,instance_0116_131950_Z2_sol.txt,7,39,2343.9
instance_0116_131952_Z1.txt,instance_0116_131952_Z1_sol.txt,-1,-1,-1
instance_0116_131952_Z2.txt,instance_0116_131952_Z2_sol.txt,-1,-1,-1
instance_0116_131953_Z1.txt,instance_0116_131953_Z1_sol.txt,-1,-1,-1
instance_0116_131953_Z2.txt,instance_0116_131953_Z2_sol.txt,27,157,9915
instance_0116_131954_Z1.txt,instance_0116_131954_Z1_sol.txt,65,388,19737.5
instance_0116_131954_Z2.txt,instance_0116_131954_Z2_sol.txt,38,223,13879.9
instance_0116_131955_Z1.txt,instance_0116_131955_Z1_sol.txt,-1,-1,-1
instance_0116_131955_Z2.txt,instance_0116_131955_Z2_sol.txt,-1,-1,-1
instance_0116_131956_Z1.txt,instance_0116_131956_Z1_sol.txt,-1,-1,-1
instance_0116_131956_Z2.txt,instance_0116_131956_Z2_sol.txt,61,363,22503.7
instance_0116_131957_Z1.txt,instance_0116_131957_Z1_sol.txt,7,38,2341.3
instance_0116_131957_Z2.txt,instance_0116_131957_Z2_sol.txt,15,89,4056
instance_0116_131965_Z1.txt,instance_0116_131965_Z1_sol.txt,-1,-1,-1
instance_0116_131965_Z2.txt,instance_0116_131965_Z2_sol.txt,4,20,1330.1
instance_0116_131971_Z1.txt,instance_0116_131971_Z1_sol.txt,10,59,2570.7
instance_0116_131971_Z2.txt,instance_0116_131971_Z2_sol.txt,17,100,5702.5
instance_0116_131973_Z1.txt,instance_0116_131973_Z1_sol.txt,12,71,3507.6
instance_0116_131973_Z2.txt,instance_0116_131973_Z2_sol.txt,7,42,2343.4
instance_0116_131981_Z1.txt,instance_0116_131981_Z1_sol.txt,-1,-1,-1
instance_0116_131981_Z2.txt,instance_0116_131981_Z2_sol.txt,27,157,9964.9
instance_0130_132418_Z1.txt,instance_0130_132418_Z1_sol.txt,4,21,1159.9
instance_0130_132418_Z2.txt,instance_0130_132418_Z2_sol.txt,7,41,2084
instance_0130_132420_Z1.txt,instance_0130_132420_Z1_sol.txt,7,40,2201.8
instance_0130_132420_Z2.txt,instance_0130_132420_Z2_sol.txt,7,38,1984.2
instance_0130_132422_Z1.txt,instance_0130_132422_Z1_sol.txt,18,103,6162
instance_0130_132422_Z2.txt,instance_0130_132422_Z2_sol.txt,17,97,5684
instance_0130_132426_Z1.txt,instance_0130_132426_Z1_sol.txt,2,12,697.4
instance_0130_132426_Z2.txt,instance_0130_132426_Z2_sol.txt,3,15,784.7
instance_0130_132428_Z1.txt,instance_0130_132428_Z1_sol.txt,44,262,15304.4
instance_0130_132428_Z2.txt,instance_0130_132428_Z2_sol.txt,40,237,13408.4
instance_0130_132434_Z1.txt,instance_0130_132434_Z1_sol.txt,2,9,724.4
instance_0130_132434_Z2.txt,instance_0130_132434_Z2_sol.txt,-1,-1,-1
instance_0130_132435_Z1.txt,instance_0130_132435_Z1_sol.txt,7,40,2248.3
instance_0130_132435_Z2.txt,instance_0130_132435_Z2_sol.txt,6,34,1788.3
instance_0130_132436_Z1.txt,instance_0130_132436_Z1_sol.txt,28,164,9856.3
instance_0130_132436_Z2.txt,instance_0130_132436_Z2_sol.txt,29,173,9612.8
instance_0130_132437_Z1.txt,instance_0130_132437_Z1_sol.txt,29,170,9934.4
instance_0130_132437_Z2.txt,instance_0130_132437_Z2_sol.txt,25,145,8141.4
instance_0130_132438_Z1.txt,instance_0130_132438_Z1_sol.txt,30,178,10428.6
instance_0130_132438_Z2.txt,instance_0130_132438_Z2_sol.txt,31,185,10598.4
instance_0130_132439_Z1.txt,instance_0130_132439_Z1_sol.txt,10,56,2744.4
instance_0130_132439_Z2.txt,instance_0130_132439_Z2_sol.txt,9,49,2578.4
instance_0130_132440_Z1.txt,instance_0130_132440_Z1_sol.txt,59,350,20050.7
instance_0130_132440_Z2.txt,instance_0130_132440_Z2_sol.txt,54,323,18316.9
instance_0130_132452_Z1.txt,instance_0130_132452_Z1_sol.txt,2,7,543.5
instance_0130_132452_Z2.txt,instance_0130_132452_Z2_sol.txt,2,10,637.7
instance_0130_132454_Z1.txt,instance_0130_132454_Z1_sol.txt,9,49,2558.1
instance_0130_132454_Z2.txt,instance_0130_132454_Z2_sol.txt,18,104,4859.5
instance_0201_132522_Z1.txt,instance_0201_132522_Z1_sol.txt,4,23,1468.6
instance_0201_132522_Z2.txt,instance_0201_132522_Z2_sol.txt,4,24,1284
instance_0201_132526_Z1.txt,instance_0201_132526_Z1_sol.txt,14,82,4734.5
instance_0201_132526_Z2.txt,instance_0201_132526_Z2_sol.txt,14,83,4389.2
instance_0201_132530_Z1.txt,instance_0201_132530_Z1_sol.txt,2,12,698.3
instance_0201_132530_Z2.txt,instance_0201_132530_Z2_sol.txt,3,18,933
instance_0201_132531_Z1.txt,instance_0201_132531_Z1_sol.txt,37,220,12552.7
instance_0201_132531_Z2.txt,instance_0201_132531_Z2_sol.txt,42,252,13447.3
instance_0201_132536_Z1.txt,instance_0201_132536_Z1_sol.txt,1,5,353.2
instance_0201_132536_Z2.txt,instance_0201_132536_Z2_sol.txt,1,6,313.7
instance_0201_132538_Z1.txt,instance_0201_132538_Z1_sol.txt,5,29,1784
instance_0201_132538_Z2.txt,instance_0201_132538_Z2_sol.txt,5,30,1564.9
instance_0201_132540_Z1.txt,instance_0201_132540_Z1_sol.txt,26,152,8481.2
instance_0201_132540_Z2.txt,instance_0201_132540_Z2_sol.txt,24,143,7696.9
instance_0201_132543_Z1.txt,instance_0201_132543_Z1_sol.txt,23,135,7482.2
instance_0201_132543_Z2.txt,instance_0201_132543_Z2_sol.txt,20,119,6163.9
instance_0201_132545_Z1.txt,instance_0201_132545_Z1_sol.txt,25,150,8056.3
instance_0201_132545_Z2.txt,instance_0201_132545_Z2_sol.txt,26,156,8291.1
instance_0201_132546_Z1.txt,instance_0201_132546_Z1_sol.txt,5,28,1699.1
instance_0201_132546_Z2.txt,instance_0201_132546_Z2_sol.txt,4,24,1266.5
instance_0201_132547_Z1.txt,instance_0201_132547_Z1_sol.txt,46,271,14875.1
instance_0201_132547_Z2.txt,instance_0201_132547_Z2_sol.txt,52,311,16389.4
instance_0201_132549_Z1.txt,instance_0201_132549_Z1_sol.txt,6,32,1676.5
instance_0201_132549_Z2.txt,instance_0201_132549_Z2_sol.txt,10,57,1904.7
instance_0202_132568_Z1.txt,instance_0202_132568_Z1_sol.txt,4,24,1358.8
instance_0202_132568_Z2.txt,instance_0202_132568_Z2_sol.txt,5,25,1338.6
instance_0202_132573_Z1.txt,instance_0202_132573_Z1_sol.txt,16,92,5107.4
instance_0202_132573_Z2.txt,instance_0202_132573_Z2_sol.txt,18,107,5521.4
instance_0202_132574_Z1.txt,instance_0202_132574_Z1_sol.txt,3,14,840.8
instance_0202_132574_Z2.txt,instance_0202_132574_Z2_sol.txt,2,11,586.9
instance_0202_132575_Z1.txt,instance_0202_132575_Z1_sol.txt,44,263,14243.6
instance_0202_132575_Z2.txt,instance_0202_132575_Z2_sol.txt,48,284,14511.9
instance_0202_132576_Z1.txt,instance_0202_132576_Z1_sol.txt,-1,-1,-1
instance_0202_132576_Z2.txt,instance_0202_132576_Z2_sol.txt,1,6,321.8
instance_0202_132577_Z1.txt,instance_0202_132577_Z1_sol.txt,-1,-1,-1
instance_0202_132577_Z2.txt,instance_0202_132577_Z2_sol.txt,-1,-1,-1
instance_0202_132578_Z1.txt,instance_0202_132578_Z1_sol.txt,5,26,1655.6
instance_0202_132578_Z2.txt,instance_0202_132578_Z2_sol.txt,5,26,1476.2
instance_0202_132579_Z1.txt,instance_0202_132579_Z1_sol.txt,-1,-1,-1
instance_0202_132579_Z2.txt,instance_0202_132579_Z2_sol.txt,-1,-1,-1
instance_0202_132580_Z1.txt,instance_0202_132580_Z1_sol.txt,23,137,7772.6
instance_0202_132580_Z2.txt,instance_0202_132580_Z2_sol.txt,19,113,5778.3
instance_0202_132581_Z1.txt,instance_0202_132581_Z1_sol.txt,27,160,8941.5
instance_0202_132581_Z2.txt,instance_0202_132581_Z2_sol.txt,30,180,9144
instance_0202_132582_Z1.txt,instance_0202_132582_Z1_sol.txt,5,29,1669.1
instance_0202_132582_Z2.txt,instance_0202_132582_Z2_sol.txt,4,22,1257.7
instance_0202_132583_Z1.txt,instance_0202_132583_Z1_sol.txt,49,292,16235.2
instance_0202_132583_Z2.txt,instance_0202_132583_Z2_sol.txt,44,264,13257.3
instance_0202_132584_Z1.txt,instance_0202_132584_Z1_sol.txt,7,42,1548.8
instance_0202_132584_Z2.txt,instance_0202_132584_Z2_sol.txt,10,59,1669.7
instance_0202_132597_Z1.txt,instance_0202_132597_Z1_sol.txt,7,42,1574.2
instance_0202_132597_Z2.txt,instance_0202_132597_Z2_sol.txt,-1,-1,-1
instance_0203_132600_Z1.txt,instance_0203_132600_Z1_sol.txt,4,22,1389.4
instance_0203_132600_Z2.txt,instance_0203_132600_Z2_sol.txt,4,20,1321.4
instance_0203_132605_Z1.txt,instance_0203_132605_Z1_sol.txt,13,73,4158.2
instance_0203_132605_Z2.txt,instance_0203_132605_Z2_sol.txt,12,68,3575.1
instance_0203_132607_Z1.txt,instance_0203_132607_Z1_sol.txt,-1,-1,-1
instance_0203_132607_Z2.txt,instance_0203_132607_Z2_sol.txt,1,5,311.9
instance_0203_132609_Z1.txt,instance_0203_132609_Z1_sol.txt,30,179,9780.3
instance_0203_132609_Z2.txt,instance_0203_132609_Z2_sol.txt,29,174,8774.6
instance_0203_132613_Z1.txt,instance_0203_132613_Z1_sol.txt,1,5,336.1
instance_0203_132613_Z2.txt,instance_0203_132613_Z2_sol.txt,1,5,339.1
instance_0203_132615_Z1.txt,instance_0203_132615_Z1_sol.txt,4,20,1281.7
instance_0203_132615_Z2.txt,instance_0203_132615_Z2_sol.txt,3,17,993.7
instance_0203_132617_Z1.txt,instance_0203_132617_Z1_sol.txt,21,124,6808.8
instance_0203_132617_Z2.txt,instance_0203_132617_Z2_sol.txt,17,99,5227.4
instance_0203_132620_Z1.txt,instance_0203_132620_Z1_sol.txt,14,81,4558.4
instance_0203_132620_Z2.txt,instance_0203_132620_Z2_sol.txt,12,69,3881.2
instance_0203_132621_Z1.txt,instance_0203_132621_Z1_sol.txt,19,111,6238
instance_0203_132621_Z2.txt,instance_0203_132621_Z2_sol.txt,19,112,5713.8
instance_0203_132622_Z1.txt,instance_0203_132622_Z1_sol.txt,5,27,1722.8
instance_0203_132622_Z2.txt,instance_0203_132622_Z2_sol.txt,-1,-1,-1
instance_0203_132623_Z1.txt,instance_0203_132623_Z1_sol.txt,34,202,11047.3
instance_0203_132623_Z2.txt,instance_0203_132623_Z2_sol.txt,30,179,9119.1
instance_0214_132873_Z1.txt,instance_0214_132873_Z1_sol.txt,4,19,1165.4
instance_0214_132873_Z2.txt,instance_0214_132873_Z2_sol.txt,4,22,1123.4
instance_0214_132877_Z1.txt,instance_0214_132877_Z1_sol.txt,11,64,3357.5
instance_0214_132877_Z2.txt,instance_0214_132877_Z2_sol.txt,16,92,4492.4
instance_0214_132879_Z1.txt,instance_0214_132879_Z1_sol.txt,2,10,647
instance_0214_132879_Z2.txt,instance_0214_132879_Z2_sol.txt,-1,-1,-1
instance_0214_132880_Z1.txt,instance_0214_132880_Z1_sol.txt,24,142,7655.1
instance_0214_132880_Z2.txt,instance_0214_132880_Z2_sol.txt,32,187,9505.4
instance_0214_132881_Z1.txt,instance_0214_132881_Z1_sol.txt,2,7,550.7
instance_0214_132881_Z2.txt,instance_0214_132881_Z2_sol.txt,2,10,539.2
instance_0214_132882_Z1.txt,instance_0214_132882_Z1_sol.txt,4,23,1317.1
instance_0214_132882_Z2.txt,instance_0214_132882_Z2_sol.txt,3,16,882.2
instance_0214_132883_Z1.txt,instance_0214_132883_Z1_sol.txt,11,63,3517.4
instance_0214_132883_Z2.txt,instance_0214_132883_Z2_sol.txt,15,86,4461.3
instance_0214_132884_Z1.txt,instance_0214_132884_Z1_sol.txt,13,74,4212.1
instance_0214_132884_Z2.txt,instance_0214_132884_Z2_sol.txt,13,75,3923.9
instance_0214_132885_Z1.txt,instance_0214_132885_Z1_sol.txt,17,98,5446.7
instance_0214_132885_Z2.txt,instance_0214_132885_Z2_sol.txt,21,123,6147.1
instance_0214_132886_Z1.txt,instance_0214_132886_Z1_sol.txt,-1,-1,-1
instance_0214_132886_Z2.txt,instance_0214_132886_Z2_sol.txt,4,19,953
instance_0214_132887_Z1.txt,instance_0214_132887_Z1_sol.txt,29,171,9440.1
instance_0214_132887_Z2.txt,instance_0214_132887_Z2_sol.txt,31,182,9229.1
instance_0214_132888_Z1.txt,instance_0214_132888_Z1_sol.txt,-1,-1,-1
instance_0214_132888_Z2.txt,instance_0214_132888_Z2_sol.txt,-1,-1,-1
instance_0214_132889_Z1.txt,instance_0214_132889_Z1_sol.txt,-1,-1,-1
instance_0214_132889_Z2.txt,instance_0214_132889_Z2_sol.txt,-1,-1,-1
instance_0214_132890_Z1.txt,instance_0214_132890_Z1_sol.txt,9,50,2477.4
instance_0214_132890_Z2.txt,instance_0214_132890_Z2_sol.txt,7,38,1680.8
instance_0215_132908_Z1.txt,instance_0215_132908_Z1_sol.txt,5,28,1709.3
instance_0215_132908_Z2.txt,instance_0215_132908_Z2_sol.txt,7,37,1711.5
instance_0215_132913_Z1.txt,instance_0215_132913_Z1_sol.txt,14,84,4825.1
instance_0215_132913_Z2.txt,instance_0215_132913_Z2_sol.txt,19,112,5653.1
instance_0215_132916_Z1.txt,instance_0215_132916_Z1_sol.txt,2,9,528.3
instance_0215_132916_Z2.txt,instance_0215_132916_Z2_sol.txt,2,9,467.6
instance_0215_132918_Z1.txt,instance_0215_132918_Z1_sol.txt,40,236,13765.6
instance_0215_132918_Z2.txt,instance_0215_132918_Z2_sol.txt,51,304,15310.8
instance_0215_132923_Z1.txt,instance_0215_132923_Z1_sol.txt,2,9,638.9
instance_0215_132923_Z2.txt,instance_0215_132923_Z2_sol.txt,3,14,761.4
instance_0215_132925_Z1.txt,instance_0215_132925_Z1_sol.txt,6,32,1878
instance_0215_132925_Z2.txt,instance_0215_132925_Z2_sol.txt,5,30,1431.7
instance_0215_132928_Z1.txt,instance_0215_132928_Z1_sol.txt,23,135,7823
instance_0215_132928_Z2.txt,instance_0215_132928_Z2_sol.txt,30,177,8662.5
instance_0215_132930_Z1.txt,instance_0215_132930_Z1_sol.txt,20,119,6899.6
instance_0215_132930_Z2.txt,instance_0215_132930_Z2_sol.txt,22,131,6415.2
instance_0215_132931_Z1.txt,instance_0215_132931_Z1_sol.txt,26,155,9002.6
instance_0215_132931_Z2.txt,instance_0215_132931_Z2_sol.txt,33,194,9598.3
instance_0215_132932_Z1.txt,instance_0215_132932_Z1_sol.txt,6,33,1980.8
instance_0215_132932_Z2.txt,instance_0215_132932_Z2_sol.txt,7,38,1744.4
instance_0215_132933_Z1.txt,instance_0215_132933_Z1_sol.txt,49,293,16990.3
instance_0215_132933_Z2.txt,instance_0215_132933_Z2_sol.txt,56,334,16847.8
instance_0215_132946_Z1.txt,instance_0215_132946_Z1_sol.txt,-1,-1,-1
instance_0606_136166_Z1.txt,instance_0606_136166_Z1_sol.txt,-1,-1,-1
instance_0606_136166_Z2.txt,instance_0606_136166_Z2_sol.txt,10,59,2950.1
instance_0606_136170_Z1.txt,instance_0606_136170_Z1_sol.txt,20,119,7743.8
instance_0606_136170_Z2.txt,instance_0606_136170_Z2_sol.txt,26,154,10137.8
instance_0606_136175_Z1.txt,instance_0606_136175_Z1_sol.txt,2,12,842.6
instance_0606_136175_Z2.txt,instance_0606_136175_Z2_sol.txt,-1,-1,-1
instance_0606_136178_Z1.txt,instance_0606_136178_Z1_sol.txt,63,375,25649.1
instance_0606_136178_Z2.txt,instance_0606_136178_Z2_sol.txt,79,473,30792.7
instance_0606_136186_Z1.txt,instance_0606_136186_Z1_sol.txt,4,23,1585.3
instance_0606_136186_Z2.txt,instance_0606_136186_Z2_sol.txt,4,24,1654.6
instance_0606_136187_Z1.txt,instance_0606_136187_Z1_sol.txt,8,46,2873.5
instance_0606_136187_Z2.txt,instance_0606_136187_Z2_sol.txt,8,45,2571.6
instance_0606_136188_Z1.txt,instance_0606_136188_Z1_sol.txt,34,200,13573
instance_0606_136188_Z2.txt,instance_0606_136188_Z2_sol.txt,41,241,15467.2
instance_0606_136189_Z1.txt,instance_0606_136189_Z1_sol.txt,30,176,12312.9
instance_0606_136189_Z2.txt,instance_0606_136189_Z2_sol.txt,33,193,12931.1
instance_0606_136190_Z1.txt,instance_0606_136190_Z1_sol.txt,42,249,17247.9
instance_0606_136190_Z2.txt,instance_0606_136190_Z2_sol.txt,50,298,20198
instance_0606_136191_Z1.txt,instance_0606_136191_Z1_sol.txt,10,57,3220
instance_0606_136191_Z2.txt,instance_0606_136191_Z2_sol.txt,12,72,3409.7
instance_0606_136192_Z1.txt,instance_0606_136192_Z1_sol.txt,71,423,28891.1
instance_0606_136192_Z2.txt,instance_0606_136192_Z2_sol.txt,78,466,31082.2
instance_0606_136193_Z1.txt,instance_0606_136193_Z1_sol.txt,12,70,2961.2
instance_0606_136193_Z2.txt,instance_0606_136193_Z2_sol.txt,-1,-1,-1
instance_0606_136194_Z1.txt,instance_0606_136194_Z1_sol.txt,5,28,1876.4
instance_0606_136194_Z2.txt,instance_0606_136194_Z2_sol.txt,3,18,1225.1
instance_0606_136195_Z1.txt,instance_0606_136195_Z1_sol.txt,8,45,2819.6
instance_0606_136195_Z2.txt,instance_0606_136195_Z2_sol.txt,9,52,3423.5
instance_0606_136213_Z1.txt,instance_0606_136213_Z1_sol.txt,2,9,484.1
instance_0606_136213_Z2.txt,instance_0606_136213_Z2_sol.txt,2,11,623.5
instance_0925_139697_Z1.txt,instance_0925_139697_Z1_sol.txt,4,23,1613.2
instance_0925_139697_Z2.txt,instance_0925_139697_Z2_sol.txt,5,28,1830.1
instance_0925_139700_Z1.txt,instance_0925_139700_Z1_sol.txt,17,99,6764.9
instance_0925_139700_Z2.txt,instance_0925_139700_Z2_sol.txt,17,100,6739.5
instance_0925_139704_Z1.txt,instance_0925_139704_Z1_sol.txt,4,19,1270.9
instance_0925_139704_Z2.txt,instance_0925_139704_Z2_sol.txt,4,21,1473
instance_0925_139706_Z1.txt,instance_0925_139706_Z1_sol.txt,39,232,15255.3
instance_0925_139706_Z2.txt,instance_0925_139706_Z2_sol.txt,41,244,15730
instance_0925_139711_Z1.txt,instance_0925_139711_Z1_sol.txt,-1,-1,-1
instance_0925_139711_Z2.txt,instance_0925_139711_Z2_sol.txt,7,41,2705.3
instance_0925_139713_Z1.txt,instance_0925_139713_Z1_sol.txt,2,9,761.9
instance_0925_139713_Z2.txt,instance_0925_139713_Z2_sol.txt,2,11,815.1
instance_0925_139716_Z1.txt,instance_0925_139716_Z1_sol.txt,4,19,1318.4
instance_0925_139716_Z2.txt,instance_0925_139716_Z2_sol.txt,4,21,1477.1
instance_0925_139718_Z1.txt,instance_0925_139718_Z1_sol.txt,-1,-1,-1
instance_0925_139718_Z2.txt,instance_0925_139718_Z2_sol.txt,27,162,10255.4
instance_0925_139720_Z1.txt,instance_0925_139720_Z1_sol.txt,20,119,7975.1
instance_0925_139720_Z2.txt,instance_0925_139720_Z2_sol.txt,20,115,7751.3
instance_0925_139721_Z1.txt,instance_0925_139721_Z1_sol.txt,7,42,2771.8
instance_0925_139721_Z2.txt,instance_0925_139721_Z2_sol.txt,9,49,3107.5
instance_0925_139722_Z1.txt,instance_0925_139722_Z1_sol.txt,4,22,1514.8
instance_0925_139722_Z2.txt,instance_0925_139722_Z2_sol.txt,-1,-1,-1
instance_0925_139723_Z1.txt,instance_0925_139723_Z1_sol.txt,28,165,10813.6
instance_0925_139723_Z2.txt,instance_0925_139723_Z2_sol.txt,28,166,10535.4
instance_0925_139724_Z1.txt,instance_0925_139724_Z1_sol.txt,38,228,14796.5
instance_0925_139724_Z2.txt,instance_0925_139724_Z2_sol.txt,40,240,15458.6
instance_0925_139725_Z1.txt,instance_0925_139725_Z1_sol.txt,-1,-1,-1
instance_0925_139725_Z2.txt,instance_0925_139725_Z2_sol.txt,7,37,2328.6
instance_0925_139733_Z1.txt,instance_0925_139733_Z1_sol.txt,-1,-1,-1
instance_0925_139733_Z2.txt,instance_0925_139733_Z2_sol.txt,-1,-1,-1
instance_0925_139743_Z1.txt,instance_0925_139743_Z1_sol.txt,1,2,379.9
instance_0925_139743_Z2.txt,instance_0925_139743_Z2_sol.txt,1,3,347
instance_0926_139754_Z1.txt,instance_0926_139754_Z1_sol.txt,4,20,1469.2
instance_0926_139754_Z2.txt,instance_0926_139754_Z2_sol.txt,5,26,1861.9
instance_0926_139757_Z1.txt,instance_0926_139757_Z1_sol.txt,14,80,4926.9
instance_0926_139757_Z2.txt,instance_0926_139757_Z2_sol.txt,17,102,6384.1
instance_0926_139760_Z1.txt,instance_0926_139760_Z1_sol.txt,4,23,1393
instance_0926_139760_Z2.txt,instance_0926_139760_Z2_sol.txt,5,26,1521.5
instance_0926_139762_Z1.txt,instance_0926_139762_Z1_sol.txt,34,204,12360.7
instance_0926_139762_Z2.txt,instance_0926_139762_Z2_sol.txt,36,214,13240.9
instance_0926_139765_Z1.txt,instance_0926_139765_Z1_sol.txt,6,35,2160.9
instance_0926_139765_Z2.txt,instance_0926_139765_Z2_sol.txt,6,31,1962.6
instance_0926_139768_Z1.txt,instance_0926_139768_Z1_sol.txt,2,12,741.8
instance_0926_139768_Z2.txt,instance_0926_139768_Z2_sol.txt,2,10,730
instance_0926_139770_Z1.txt,instance_0926_139770_Z1_sol.txt,4,19,1213.7
instance_0926_139770_Z2.txt,instance_0926_139770_Z2_sol.txt,4,19,1335.5
instance_0926_139772_Z1.txt,instance_0926_139772_Z1_sol.txt,18,106,6328.8
instance_0926_139772_Z2.txt,instance_0926_139772_Z2_sol.txt,15,89,5674.2
instance_0926_139774_Z1.txt,instance_0926_139774_Z1_sol.txt,18,104,6524.1
instance_0926_139774_Z2.txt,instance_0926_139774_Z2_sol.txt,18,105,6747.9
instance_0926_139777_Z1.txt,instance_0926_139777_Z1_sol.txt,-1,-1,-1
instance_0926_139777_Z2.txt,instance_0926_139777_Z2_sol.txt,-1,-1,-1
instance_0926_139779_Z1.txt,instance_0926_139779_Z1_sol.txt,7,39,2554
instance_0926_139779_Z2.txt,instance_0926_139779_Z2_sol.txt,5,28,1771.3
instance_0926_139780_Z1.txt,instance_0926_139780_Z1_sol.txt,6,35,2081.4
instance_0926_139780_Z2.txt,instance_0926_139780_Z2_sol.txt,6,36,2055.9
instance_0926_139781_Z1.txt,instance_0926_139781_Z1_sol.txt,23,136,7984.4
instance_0926_139781_Z2.txt,instance_0926_139781_Z2_sol.txt,20,119,7225
instance_0926_139782_Z1.txt,instance_0926_139782_Z1_sol.txt,36,216,13068
instance_0926_139782_Z2.txt,instance_0926_139782_Z2_sol.txt,32,190,11604.1
instance_0926_139783_Z1.txt,instance_0926_139783_Z1_sol.txt,10,57,2944.1
instance_0926_139783_Z2.txt,instance_0926_139783_Z2_sol.txt,-1,-1,-1
instance_0926_139790_Z1.txt,instance_0926_139790_Z1_sol.txt,-1,-1,-1
instance_0926_139790_Z2.txt,instance_0926_139790_Z2_sol.txt,-1,-1,-1
instance_0927_139799_Z1.txt,instance_0927_139799_Z1_sol.txt,-1,-1,-1
instance_0927_139799_Z2.txt,instance_0927_139799_Z2_sol.txt,-1,-1,-1
instance_0927_139802_Z1.txt,instance_0927_139802_Z1_sol.txt,6,35,1968.9
instance_0927_139802_Z2.txt,instance_0927_139802_Z2_sol.txt,6,32,1998.3
instance_0927_139805_Z1.txt,instance_0927_139805_Z1_sol.txt,25,148,8878.9
instance_0927_139805_Z2.txt,instance_0927_139805_Z2_sol.txt,17,98,6083.8
instance_0927_139807_Z1.txt,instance_0927_139807_Z1_sol.txt,5,30,1818.8
instance_0927_139807_Z2.txt,instance_0927_139807_Z2_sol.txt,5,27,1561
instance_0927_139809_Z1.txt,instance_0927_139809_Z1_sol.txt,61,363,21345.7
instance_0927_139809_Z2.txt,instance_0927_139809_Z2_sol.txt,37,219,13807.7
instance_0927_139812_Z1.txt,instance_0927_139812_Z1_sol.txt,11,64,3896.6
instance_0927_139812_Z2.txt,instance_0927_139812_Z2_sol.txt,7,42,2600.9
instance_0927_139814_Z1.txt,instance_0927_139814_Z1_sol.txt,3,17,1010.4
instance_0927_139814_Z2.txt,instance_0927_139814_Z2_sol.txt,3,15,884.7
instance_0927_139816_Z1.txt,instance_0927_139816_Z1_sol.txt,6,32,1949.4
instance_0927_139816_Z2.txt,instance_0927_139816_Z2_sol.txt,5,26,1634.8
instance_0927_139818_Z1.txt,instance_0927_139818_Z1_sol.txt,36,216,12717
instance_0927_139818_Z2.txt,instance_0927_139818_Z2_sol.txt,-1,-1,-1
instance_0927_139821_Z1.txt,instance_0927_139821_Z1_sol.txt,30,179,10612.5
instance_0927_139821_Z2.txt,instance_0927_139821_Z2_sol.txt,23,134,8290
instance_0927_139824_Z1.txt,instance_0927_139824_Z1_sol.txt,-1,-1,-1
instance_0927_139824_Z2.txt,instance_0927_139824_Z2_sol.txt,9,54,3341.7
instance_0927_139826_Z1.txt,instance_0927_139826_Z1_sol.txt,7,38,2209.9
instance_0927_139826_Z2.txt,instance_0927_139826_Z2_sol.txt,5,29,1743.9
instance_0927_139829_Z1.txt,instance_0927_139829_Z1_sol.txt,40,239,13254.4
instance_0927_139829_Z2.txt,instance_0927_139829_Z2_sol.txt,26,156,9755.5
instance_0927_139831_Z1.txt,instance_0927_139831_Z1_sol.txt,59,354,20138.7
instance_0927_139831_Z2.txt,instance_0927_139831_Z2_sol.txt,41,243,14927.5
instance_0927_139833_Z1.txt,instance_0927_139833_Z1_sol.txt,-1,-1,-1
instance_0927_139833_Z2.txt,instance_0927_139833_Z2_sol.txt,-1,-1,-1
instance_0927_139834_Z1.txt,instance_0927_139834_Z1_sol.txt,30,179,4631.1
instance_0927_139834_Z2.txt,instance_0927_139834_Z2_sol.txt,-1,-1,-1
instance_0928_139849_Z1.txt,instance_0928_139849_Z1_sol.txt,-1,-1,-1
instance_0928_139849_Z2.txt,instance_0928_139849_Z2_sol.txt,-1,-1,-1
instance_0928_139852_Z1.txt,instance_0928_139852_Z1_sol.txt,9,52,3136.2
instance_0928_139852_Z2.txt,instance_0928_139852_Z2_sol.txt,6,34,2244.9
instance_0928_139855_Z1.txt,instance_0928_139855_Z1_sol.txt,31,184,10485.7
instance_0928_139855_Z2.txt,instance_0928_139855_Z2_sol.txt,21,125,7645.2
instance_0928_139857_Z1.txt,instance_0928_139857_Z1_sol.txt,5,26,1420.9
instance_0928_139857_Z2.txt,instance_0928_139857_Z2_sol.txt,5,25,1531.7
instance_0928_139859_Z1.txt,instance_0928_139859_Z1_sol.txt,87,518,29469.3
instance_0928_139859_Z2.txt,instance_0928_139859_Z2_sol.txt,55,325,19962.5
instance_0928_139863_Z1.txt,instance_0928_139863_Z1_sol.txt,15,88,4986.9
instance_0928_139863_Z2.txt,instance_0928_139863_Z2_sol.txt,-1,-1,-1
instance_0928_139865_Z1.txt,instance_0928_139865_Z1_sol.txt,4,21,1169
instance_0928_139865_Z2.txt,instance_0928_139865_Z2_sol.txt,3,16,1081.5
instance_0928_139867_Z1.txt,instance_0928_139867_Z1_sol.txt,6,33,1872.1
instance_0928_139867_Z2.txt,instance_0928_139867_Z2_sol.txt,5,30,1812.4
instance_0928_139869_Z1.txt,instance_0928_139869_Z1_sol.txt,44,261,14408.7
instance_0928_139869_Z2.txt,instance_0928_139869_Z2_sol.txt,-1,-1,-1
instance_0928_139872_Z1.txt,instance_0928_139872_Z1_sol.txt,36,213,12001.9
instance_0928_139872_Z2.txt,instance_0928_139872_Z2_sol.txt,27,157,9550.7
instance_0928_139877_Z1.txt,instance_0928_139877_Z1_sol.txt,-1,-1,-1
instance_0928_139877_Z2.txt,instance_0928_139877_Z2_sol.txt,11,63,3903.4
instance_0928_139879_Z1.txt,instance_0928_139879_Z1_sol.txt,6,33,1750.3
instance_0928_139879_Z2.txt,instance_0928_139879_Z2_sol.txt,6,31,1918.4
instance_0928_139880_Z1.txt,instance_0928_139880_Z1_sol.txt,48,284,15917.7
instance_0928_139880_Z2.txt,instance_0928_139880_Z2_sol.txt,34,200,12129.3
instance_0928_139881_Z1.txt,instance_0928_139881_Z1_sol.txt,63,376,21389.4
instance_0928_139881_Z2.txt,instance_0928_139881_Z2_sol.txt,50,297,18058
instance_0928_139882_Z1.txt,instance_0928_139882_Z1_sol.txt,-1,-1,-1
instance_0928_139882_Z2.txt,instance_0928_139882_Z2_sol.txt,-1,-1,-1
instance_0928_139883_Z1.txt,instance_0928_139883_Z1_sol.txt,-1,-1,-1
instance_0928_139883_Z2.txt,instance_0928_139883_Z2_sol.txt,-1,-1,-1
instance_1120_141618_Z1.txt,instance_1120_141618_Z1_sol.txt,6,35,2193
instance_1120_141618_Z2.txt,instance_1120_141618_Z2_sol.txt,6,36,2548.5
instance_1120_141621_Z1.txt,instance_1120_141621_Z1_sol.txt,27,160,10025
instance_1120_141621_Z2.txt,instance_1120_141621_Z2_sol.txt,-1,-1,-1
instance_1120_141625_Z1.txt,instance_1120_141625_Z1_sol.txt,5,25,1473.9
instance_1120_141625_Z2.txt,instance_1120_141625_Z2_sol.txt,5,27,1838.9
instance_1120_141627_Z1.txt,instance_1120_141627_Z1_sol.txt,3,15,908.9
instance_1120_141627_Z2.txt,instance_1120_141627_Z2_sol.txt,3,17,1194.6
instance_1120_141629_Z1.txt,instance_1120_141629_Z1_sol.txt,10,60,3663.1
instance_1120_141629_Z2.txt,instance_1120_141629_Z2_sol.txt,9,53,3670
instance_1120_141632_Z1.txt,instance_1120_141632_Z1_sol.txt,61,365,22307.2
instance_1120_141632_Z2.txt,instance_1120_141632_Z2_sol.txt,63,378,27159.3
instance_1120_141639_Z1.txt,instance_1120_141639_Z1_sol.txt,36,216,13289.7
instance_1120_141639_Z2.txt,instance_1120_141639_Z2_sol.txt,37,221,15452.6
instance_1120_141641_Z1.txt,instance_1120_141641_Z1_sol.txt,7,40,2358.4
instance_1120_141641_Z2.txt,instance_1120_141641_Z2_sol.txt,7,42,2830.3
instance_1120_141642_Z1.txt,instance_1120_141642_Z1_sol.txt,31,185,11405.5
instance_1120_141642_Z2.txt,instance_1120_141642_Z2_sol.txt,31,185,12769.2
instance_1120_141643_Z1.txt,instance_1120_141643_Z1_sol.txt,19,114,5730.6
instance_1120_141643_Z2.txt,instance_1120_141643_Z2_sol.txt,18,108,5797.3
instance_1120_141644_Z1.txt,instance_1120_141644_Z1_sol.txt,-1,-1,-1
instance_1120_141644_Z2.txt,instance_1120_141644_Z2_sol.txt,-1,-1,-1
instance_1120_141645_Z1.txt,instance_1120_141645_Z1_sol.txt,-1,-1,-1
instance_1120_141645_Z2.txt,instance_1120_141645_Z2_sol.txt,5,26,1797.3
instance_1120_141646_Z1.txt,instance_1120_141646_Z1_sol.txt,41,244,15062
instance_1120_141646_Z2.txt,instance_1120_141646_Z2_sol.txt,43,254,17581.9
instance_1120_141647_Z1.txt,instance_1120_141647_Z1_sol.txt,3,14,588
instance_1120_141647_Z2.txt,instance_1120_141647_Z2_sol.txt,2,9,551.1
instance_1120_141648_Z1.txt,instance_1120_141648_Z1_sol.txt,57,342,20631.9
instance_1120_141648_Z2.txt,instance_1120_141648_Z2_sol.txt,62,369,25196.6
instance_1121_141676_Z1.txt,instance_1121_141676_Z1_sol.txt,12,72,3881.1
instance_1121_141676_Z2.txt,instance_1121_141676_Z2_sol.txt,6,34,2557.5
instance_1121_141679_Z1.txt,instance_1121_141679_Z1_sol.txt,40,238,14050.1
instance_1121_141679_Z2.txt,instance_1121_141679_Z2_sol.txt,20,117,8084.3
instance_1121_141681_Z1.txt,instance_1121_141681_Z1_sol.txt,-1,-1,-1
instance_1121_141681_Z2.txt,instance_1121_141681_Z2_sol.txt,5,25,1806
instance_1121_141684_Z1.txt,instance_1121_141684_Z1_sol.txt,5,26,1485.3
instance_1121_141684_Z2.txt,instance_1121_141684_Z2_sol.txt,2,11,839.9
instance_1121_141686_Z1.txt,instance_1121_141686_Z1_sol.txt,13,78,4798.9
instance_1121_141686_Z2.txt,instance_1121_141686_Z2_sol.txt,7,38,2659.9
instance_1121_141688_Z1.txt,instance_1121_141688_Z1_sol.txt,91,544,31641.4
instance_1121_141688_Z2.txt,instance_1121_141688_Z2_sol.txt,40,236,16068.5
instance_1121_141691_Z1.txt,instance_1121_141691_Z1_sol.txt,51,305,16779.1
instance_1121_141691_Z2.txt,instance_1121_141691_Z2_sol.txt,22,132,8577.4
instance_1121_141693_Z1.txt,instance_1121_141693_Z1_sol.txt,14,80,3601.3
instance_1121_141693_Z2.txt,instance_1121_141693_Z2_sol.txt,6,33,2305.6
instance_1121_141696_Z1.txt,instance_1121_141696_Z1_sol.txt,48,284,16005.3
instance_1121_141696_Z2.txt,instance_1121_141696_Z2_sol.txt,21,124,8446.9
instance_1121_141698_Z1.txt,instance_1121_141698_Z1_sol.txt,16,96,5349.1
instance_1121_141698_Z2.txt,instance_1121_141698_Z2_sol.txt,9,52,3586
instance_1121_141701_Z1.txt,instance_1121_141701_Z1_sol.txt,6,35,1604.9
instance_1121_141701_Z2.txt,instance_1121_141701_Z2_sol.txt,4,24,1390.1
instance_1121_141702_Z1.txt,instance_1121_141702_Z1_sol.txt,16,95,2791.9
instance_1121_141702_Z2.txt,instance_1121_141702_Z2_sol.txt,-1,-1,-1
instance_1121_141703_Z1.txt,instance_1121_141703_Z1_sol.txt,-1,-1,-1
instance_1121_141703_Z2.txt,instance_1121_141703_Z2_sol.txt,5,27,1872.8
instance_1121_141704_Z1.txt,instance_1121_141704_Z1_sol.txt,62,368,21042.2
instance_1121_141704_Z2.txt,instance_1121_141704_Z2_sol.txt,28,164,11011
instance_1121_141705_Z1.txt,instance_1121_141705_Z1_sol.txt,95,566,31821.5
instance_1121_141705_Z2.txt,instance_1121_141705_Z2_sol.txt,40,238,15532.7
instance_1121_141725_Z1.txt,instance_1121_141725_Z1_sol.txt,-1,-1,-1
instance_1121_141725_Z2.txt,instance_1121_141725_Z2_sol.txt,-1,-1,-1
instance_1122_141731_Z1.txt,instance_1122_141731_Z1_sol.txt,1,4,265.3
instance_1122_141731_Z2.txt,instance_1122_141731_Z2_sol.txt,-1,-1,-1
instance_1122_141734_Z1.txt,instance_1122_141734_Z1_sol.txt,5,28,1739.3
instance_1122_141734_Z2.txt,instance_1122_141734_Z2_sol.txt,4,21,1527.2
instance_1122_141737_Z1.txt,instance_1122_141737_Z1_sol.txt,29,172,10040.7
instance_1122_141737_Z2.txt,instance_1122_141737_Z2_sol.txt,21,125,8301.1
instance_1122_141739_Z1.txt,instance_1122_141739_Z1_sol.txt,-1,-1,-1
instance_1122_141739_Z2.txt,instance_1122_141739_Z2_sol.txt,5,30,1831.2
instance_1122_141742_Z1.txt,instance_1122_141742_Z1_sol.txt,-1,-1,-1
instance_1122_141742_Z2.txt,instance_1122_141742_Z2_sol.txt,3,16,1117.6
instance_1122_141743_Z1.txt,instance_1122_141743_Z1_sol.txt,11,65,3634.9
instance_1122_141743_Z2.txt,instance_1122_141743_Z2_sol.txt,8,45,3042
instance_1122_141746_Z1.txt,instance_1122_141746_Z1_sol.txt,60,360,21100.2
instance_1122_141746_Z2.txt,instance_1122_141746_Z2_sol.txt,50,298,19688.6
instance_1122_141750_Z1.txt,instance_1122_141750_Z1_sol.txt,49,294,16096.4
instance_1122_141750_Z2.txt,instance_1122_141750_Z2_sol.txt,33,195,12798.9
instance_1122_141754_Z1.txt,instance_1122_141754_Z1_sol.txt,10,60,2874.9
instance_1122_141754_Z2.txt,instance_1122_141754_Z2_sol.txt,6,35,2205.7
instance_1122_141756_Z1.txt,instance_1122_141756_Z1_sol.txt,31,184,11306.2
instance_1122_141756_Z2.txt,instance_1122_141756_Z2_sol.txt,21,124,8175.9
instance_1122_141757_Z1.txt,instance_1122_141757_Z1_sol.txt,9,50,2973
instance_1122_141757_Z2.txt,instance_1122_141757_Z2_sol.txt,7,38,2700.7
instance_1122_141758_Z1.txt,instance_1122_141758_Z1_sol.txt,7,41,1859.8
instance_1122_141758_Z2.txt,instance_1122_141758_Z2_sol.txt,6,31,1983.8
instance_1122_141759_Z1.txt,instance_1122_141759_Z1_sol.txt,42,249,14531.7
instance_1122_141759_Z2.txt,instance_1122_141759_Z2_sol.txt,31,181,12027.7
instance_1122_141760_Z1.txt,instance_1122_141760_Z1_sol.txt,30,180,4644.1
instance_1122_141760_Z2.txt,instance_1122_141760_Z2_sol.txt,15,87,3578.1
instance_1122_141761_Z1.txt,instance_1122_141761_Z1_sol.txt,68,408,23615.2
instance_1122_141761_Z2.txt,instance_1122_141761_Z2_sol.txt,52,312,20075.6
instance_1123_141788_Z1.txt,instance_1123_141788_Z1_sol.txt,3,18,1089.6
instance_1123_141788_Z2.txt,instance_1123_141788_Z2_sol.txt,5,28,2020.5
instance_1123_141791_Z1.txt,instance_1123_141791_Z1_sol.txt,23,134,8332.2
instance_1123_141791_Z2.txt,instance_1123_141791_Z2_sol.txt,27,160,11474.7
instance_1123_141793_Z1.txt,instance_1123_141793_Z1_sol.txt,6,33,1807.1
instance_1123_141793_Z2.txt,instance_1123_141793_Z2_sol.txt,6,32,2150
instance_1123_141796_Z1.txt,instance_1123_141796_Z1_sol.txt,3,13,890.2
instance_1123_141796_Z2.txt,instance_1123_141796_Z2_sol.txt,3,16,1190.8
instance_1123_141797_Z1.txt,instance_1123_141797_Z1_sol.txt,6,32,2006.4
instance_1123_141797_Z2.txt,instance_1123_141797_Z2_sol.txt,-1,-1,-1
instance_1123_141800_Z1.txt,instance_1123_141800_Z1_sol.txt,48,287,17154
instance_1123_141800_Z2.txt,instance_1123_141800_Z2_sol.txt,66,392,28408.1
instance_1123_141803_Z1.txt,instance_1123_141803_Z1_sol.txt,28,166,9851.7
instance_1123_141803_Z2.txt,instance_1123_141803_Z2_sol.txt,34,203,14516.9
instance_1123_141806_Z1.txt,instance_1123_141806_Z1_sol.txt,8,46,2758.1
instance_1123_141806_Z2.txt,instance_1123_141806_Z2_sol.txt,8,47,3110.2
instance_1123_141809_Z1.txt,instance_1123_141809_Z1_sol.txt,24,142,8615.1
instance_1123_141809_Z2.txt,instance_1123_141809_Z2_sol.txt,28,164,11561.9
instance_1123_141810_Z1.txt,instance_1123_141810_Z1_sol.txt,8,43,2777.6
instance_1123_141810_Z2.txt,instance_1123_141810_Z2_sol.txt,7,39,2721.2
instance_1123_141811_Z1.txt,instance_1123_141811_Z1_sol.txt,5,26,1631.4
instance_1123_141811_Z2.txt,instance_1123_141811_Z2_sol.txt,6,35,2116.4
instance_1123_141812_Z1.txt,instance_1123_141812_Z1_sol.txt,32,188,10965.5
instance_1123_141812_Z2.txt,instance_1123_141812_Z2_sol.txt,41,246,16589.3
instance_1123_141813_Z1.txt,instance_1123_141813_Z1_sol.txt,53,316,18115.2
instance_1123_141813_Z2.txt,instance_1123_141813_Z2_sol.txt,66,393,27166.5
instance_1124_141834_Z1.txt,instance_1124_141834_Z1_sol.txt,4,22,1300.3
instance_1124_141834_Z2.txt,instance_1124_141834_Z2_sol.txt,5,30,2115.5
instance_1124_141836_Z1.txt,instance_1124_141836_Z1_sol.txt,24,140,8314
instance_1124_141836_Z2.txt,instance_1124_141836_Z2_sol.txt,23,137,9725.6
instance_1124_141839_Z1.txt,instance_1124_141839_Z1_sol.txt,6,34,1750.1
instance_1124_141839_Z2.txt,instance_1124_141839_Z2_sol.txt,-1,-1,-1
instance_1124_141841_Z1.txt,instance_1124_141841_Z1_sol.txt,3,16,1078.2
instance_1124_141841_Z2.txt,instance_1124_141841_Z2_sol.txt,3,17,1313.4
instance_1124_141844_Z1.txt,instance_1124_141844_Z1_sol.txt,10,60,3493.6
instance_1124_141844_Z2.txt,instance_1124_141844_Z2_sol.txt,13,75,5267.5
instance_1124_141846_Z1.txt,instance_1124_141846_Z1_sol.txt,58,345,19868.2
instance_1124_141846_Z2.txt,instance_1124_141846_Z2_sol.txt,53,314,22237.3
instance_1124_141850_Z1.txt,instance_1124_141850_Z1_sol.txt,36,213,12186
instance_1124_141850_Z2.txt,instance_1124_141850_Z2_sol.txt,30,176,12466.6
instance_1124_141853_Z1.txt,instance_1124_141853_Z1_sol.txt,8,45,2481.3
instance_1124_141853_Z2.txt,instance_1124_141853_Z2_sol.txt,6,34,2472.9
instance_1124_141855_Z1.txt,instance_1124_141855_Z1_sol.txt,25,145,8413.9
instance_1124_141855_Z2.txt,instance_1124_141855_Z2_sol.txt,23,137,9434.2
instance_1124_141857_Z1.txt,instance_1124_141857_Z1_sol.txt,8,48,2667.5
instance_1124_141857_Z2.txt,instance_1124_141857_Z2_sol.txt,11,66,4515.7
instance_1124_141859_Z1.txt,instance_1124_141859_Z1_sol.txt,4,23,1426.6
instance_1124_141859_Z2.txt,instance_1124_141859_Z2_sol.txt,4,23,1657.7
instance_1124_141860_Z1.txt,instance_1124_141860_Z1_sol.txt,39,232,13003.7
instance_1124_141860_Z2.txt,instance_1124_141860_Z2_sol.txt,35,209,14249.6
instance_1124_141861_Z1.txt,instance_1124_141861_Z1_sol.txt,58,348,19594.2
instance_1124_141861_Z2.txt,instance_1124_141861_Z2_sol.txt,50,297,19914
